{
  "cpp_4kb": {
    "dTLB-load-misses": {
      "mean": 354092.0,
      "stdev": 63989.29176041879,
      "min": 315991.0,
      "max": 534379.0,
      "p50": 334605.0,
      "p95": 534379.0,
      "p99": 534379.0
    },
    "page-faults": {
      "mean": 131463.6,
      "stdev": 1.2649110640673518,
      "min": 131461.0,
      "max": 131465.0,
      "p50": 131464.0,
      "p95": 131465.0,
      "p99": 131465.0
    },
    "instructions": {
      "mean": 882388916.8,
      "stdev": 2506407.7743074093,
      "min": 879622026.0,
      "max": 888088936.0,
      "p50": 881710960.0,
      "p95": 888088936.0,
      "p99": 888088936.0
    },
    "cycles": {
      "mean": 1114873190.2,
      "stdev": 7597315.92767773,
      "min": 1103389744.0,
      "max": 1130828923.0,
      "p50": 1114285410.0,
      "p95": 1130828923.0,
      "p99": 1130828923.0
    }
  },
  "cpp_2mb": {
    "dTLB-load-misses": {
      "mean": 12120.9,
      "stdev": 418.9519861113761,
      "min": 11327.0,
      "max": 12680.0,
      "p50": 12028.0,
      "p95": 12680.0,
      "p99": 12680.0
    },
    "page-faults": {
      "mean": 390.8,
      "stdev": 0.7888106377466154,
      "min": 390.0,
      "max": 392.0,
      "p50": 391.0,
      "p95": 392.0,
      "p99": 392.0
    },
    "instructions": {
      "mean": 23943021.0,
      "stdev": 84766.78059633188,
      "min": 23812568.0,
      "max": 24101095.0,
      "p50": 23935703.0,
      "p95": 24101095.0,
      "p99": 24101095.0
    },
    "cycles": {
      "mean": 218677158.6,
      "stdev": 1998297.086262434,
      "min": 215452543.0,
      "max": 222194312.0,
      "p50": 218178758.0,
      "p95": 222194312.0,
      "p99": 222194312.0
    }
  },
  "redis_4kb": {
    "dTLB-load-misses": {
      "mean": 5075167.5,
      "stdev": 395481.86054209026,
      "min": 4664175.0,
      "max": 5665210.0,
      "p50": 4816070.0,
      "p95": 5665210.0,
      "p99": 5665210.0
    },
    "page-faults": {
      "mean": 753.0,
      "stdev": 1.4142135623730951,
      "min": 751.0,
      "max": 756.0,
      "p50": 753.0,
      "p95": 756.0,
      "p99": 756.0
    },
    "instructions": {
      "mean": 58692204082.3,
      "stdev": 96544230.99707028,
      "min": 58575132292.0,
      "max": 58846198637.0,
      "p50": 58648778363.0,
      "p95": 58846198637.0,
      "p99": 58846198637.0
    },
    "cycles": {
      "mean": 88280069951.4,
      "stdev": 318623629.50608313,
      "min": 88041602778.0,
      "max": 88895789673.0,
      "p50": 88135894525.0,
      "p95": 88895789673.0,
      "p99": 88895789673.0
    }
  },
  "redis_2mb": {
    "dTLB-load-misses": {
      "mean": 4198578.3,
      "stdev": 251739.05391542515,
      "min": 3667418.0,
      "max": 4545845.0,
      "p50": 4192263.0,
      "p95": 4545845.0,
      "p99": 4545845.0
    },
    "page-faults": {
      "mean": 499.6,
      "stdev": 4.376706016578627,
      "min": 495.0,
      "max": 508.0,
      "p50": 498.0,
      "p95": 508.0,
      "p99": 508.0
    },
    "instructions": {
      "mean": 58475093644.9,
      "stdev": 85068283.61007941,
      "min": 58327495474.0,
      "max": 58567814560.0,
      "p50": 58506034322.0,
      "p95": 58567814560.0,
      "p99": 58567814560.0
    },
    "cycles": {
      "mean": 88110365066.6,
      "stdev": 421334619.5748643,
      "min": 87549455369.0,
      "max": 89115525850.0,
      "p50": 87990053890.0,
      "p95": 89115525850.0,
      "p99": 89115525850.0
    }
  },
  "nginx_4kb": {
    "dTLB-load-misses": {
      "mean": 4100907.9,
      "stdev": 324701.0748117071,
      "min": 3393217.0,
      "max": 4571878.0,
      "p50": 4177771.0,
      "p95": 4571878.0,
      "p99": 4571878.0
    },
    "page-faults": {
      "mean": 598.3,
      "stdev": 20.559128818551088,
      "min": 576.0,
      "max": 636.0,
      "p50": 590.0,
      "p95": 636.0,
      "p99": 636.0
    },
    "instructions": {
      "mean": 38779811504.6,
      "stdev": 2859468289.9376044,
      "min": 32491640921.0,
      "max": 42838552060.0,
      "p50": 38190818428.0,
      "p95": 42838552060.0,
      "p99": 42838552060.0
    },
    "cycles": {
      "mean": 73402095719.8,
      "stdev": 5162480052.332263,
      "min": 61552299869.0,
      "max": 80087352646.0,
      "p50": 73137206270.0,
      "p95": 80087352646.0,
      "p99": 80087352646.0
    }
  },
  "nginx_2mb": {
    "dTLB-load-misses": {
      "mean": 3895819.0,
      "stdev": 151744.88379001265,
      "min": 3743143.0,
      "max": 4180725.0,
      "p50": 3838746.0,
      "p95": 4180725.0,
      "p99": 4180725.0
    },
    "page-faults": {
      "mean": 581.6,
      "stdev": 6.947421584060281,
      "min": 573.0,
      "max": 596.0,
      "p50": 578.0,
      "p95": 596.0,
      "p99": 596.0
    },
    "instructions": {
      "mean": 38217891878.5,
      "stdev": 775712966.4337827,
      "min": 36380209685.0,
      "max": 39165105317.0,
      "p50": 38402430951.0,
      "p95": 39165105317.0,
      "p99": 39165105317.0
    },
    "cycles": {
      "mean": 72225981005.6,
      "stdev": 1156317076.726908,
      "min": 69332627446.0,
      "max": 73546248636.0,
      "p50": 72537256459.0,
      "p95": 73546248636.0,
      "p99": 73546248636.0
    }
  }
}